"","shape.gender","gender","shape.age","age"
"Ahmed_Chalabi_U000_vid06_clip05_2secs",0.999999999999995,"Male",3.27534488570173,4.6
"Aidan_Quinn_vid01_clip03_2secs",0.999999999675249,"Male",3.34379728706828,3.11111111111111
"Aisha_Hinds_vid05_clip02_2secs",5.02953187040763e-05,"Female",2.12943219154063,2.25
"Aishwarya_Rai_vid05_clip06_2secs",1.31381034267091e-08,"Female",1.7177487346852,2.2
"AJ_Cook_vid03_clip01_2secs",0.999998034936287,"Male",3.43624139435554,2.77777777777778
"Aki_Linnanahde",0.999994705093649,"Male",2.16475098532414,1.77777777777778
"Alan_Alda_vid04_clip01_2secs",0.84587645245069,"Male",3.01168935229171,4.22222222222222
"Alan_Ball_vid03_clip01_2secs",0.996620405153751,"Male",2.8276156746637,4.2
"Alanna_Ubach_vid01_clip05_2secs",7.65683747513452e-06,"Female",2.3885644665223,1.55555555555556
"Alastair_Campbell_vid03_clip01_2secs",6.5094756831926e-05,"Male",2.80759016346317,2.77777777777778
"Alberto_Acosta_vid05_clip01_2secs",0.999999948944477,"Male",3.04511614468603,2.55555555555556
"Alberto_Gonzales_vid01_clip01_2secs",0.999895901524293,"Male",3.78662642404419,4.2
"Alejandro_Toledo_vid03_clip01_2secs",0.986968633539579,"Male",2.95235847368669,4.16666666666667
"Alek_Wek_vid01_clip06_2secs",0.480539452788994,"Female",2.18147490495889,1
"Alessandro_Nesta_vid03_clip06_2secs",7.13772618813812e-07,"Male",1.90102498979599,1.66666666666667
"Alexander_Skarsg__rd_vid02_clip03_2secs",0.999848845209839,"Male",2.22776988567693,1.83333333333333
"Aaron_Sorkin_vid03_clip01_2secs",0.999999523874809,"Male",3.25574448088763,3.16666666666667
"Abba_Eban_vid03_clip18_2secs",0.511912109457019,"Male",2.53086226391511,5.58333333333333
"Abdullah_vid02_clip01_2secs",0.598307586896528,"Male",2.38057450696413,1.33333333333333
"Adam_Ant_vid02_clip05_2secs",0.543983148595661,"Male",1.44821343896713,2.66666666666667
"Ada_Nicodemou",0.0081792515167263,"Female",2.50891015714133,2
"Adel_Al_Jubeir_vid01_clip01_2secs",9.94212876220616e-06,"Male",2.35781339005608,3.22222222222222
"Adele_Haenel",1.21076241325307e-06,"Female",1.37257119407831,1
"Adrian_Fernandez_vid01_clip01_2secs",0.999858045662737,"Male",2.02814665498542,3.6
"Adrienne_Barbeau_vid06_clip01_2secs",0.0668924384517646,"Female",2.7473841440754,3
"Adrienne_Frantz_vid05_clip03_2secs",0.000220867347920848,"Female",1.72579074572896,1.55555555555556
"Agnes_Bruckner_vid02_clip05_2secs",0.000182405605261904,"Female",2.28878737188597,1.91666666666667
"Agnetha_Faltskog",0.105467974530381,"Female",2.88424295639964,3.77777777777778
"wall_of_faces_vid99",0.999999804935108,"Male",2.51152852484399,1.4
"Wolfgang_Ebert",0.999999999988269,"Male",4.22655039512466,5
"Wyatt_Roy",0.999453392119151,"Male",2.75922714888967,1.2
"Xavier_Horan",0.999999380979664,"Male",2.42681317169482,2.2
"Xavier_Woods",9.22550225800307e-06,"Male",1.85773423577974,1
"Ylvis_Brothers_01",0.999956630046128,"Male",3.09842977185921,1.2
"Ylvis_Brothers_02",0.938850422686606,"Male",2.77836963277333,1.6
"Zabou_Breitman",7.9258492832862e-09,"Female",2.83842812656897,2.6
"Alexandre_Despatie_vid01_clip03_2secs",0.998594041109801,"Male",2.16597003469373,1.66666666666667
"Alexandre_Herchcovitch_vid05_clip02_2secs",0.999987951483069,"Male",3.03226916402337,2.66666666666667
"Alexa_Vega_vid01_clip09_2secs",1.7093675248072e-08,"Female",2.08165337820781,2
"Alex_Rodriguez_vid01_clip10_2secs",0.999999971391045,"Male",2.83595345699656,2.66666666666667
"Alfonso_Cuaron_vid02_clip01_2secs",0.364892497819054,"Male",2.55967124489498,3.5
"Alfonso_Portillo_vid01_clip02_2secs",2.33802919686835e-06,"Male",2.55061247918841,1.83333333333333
"Alfredo_Moreno_vid05_clip03_2secs",0.354473837562366,"Male",2.00025421640137,0.8
"Ali_Abbas_vid03_clip01_2secs",0.998797111171515,"Male",2.24400251930399,1.75
"Alice_Ferraz",0.000683406948768369,"Female",1.7199398483704,1.2
"Alice_Krige_vid01_clip03_2secs",0.000116727263769942,"Female",2.50057193966062,4
"Alicia_Vikander",3.92079062498399e-07,"Female",1.73804089972796,1.16666666666667
"Alicia_Witt_vid01_clip10_2secs",6.75755221299151e-11,"Female",2.80471287310573,2.33333333333333
"Ali_Landry_vid06_clip05_2secs",2.94519990588572e-12,"Female",1.78528391264627,1.25
"Alison_Lohman_vid04_clip04_2secs",0.00698517785176051,"Female",2.02729302271425,0.8
"Al_Leiter_vid02_clip09_2secs",0.999800756906876,"Male",2.19086543556443,2.66666666666667
"Ally_Sheedy_vid06_clip05_2secs",0.0178176930568666,"Female",2.4218547078436,3.4
"Allyson_Felix_vid01_clip05_2secs",5.69705225628618e-14,"Female",1.81789965454702,2.16666666666667
"Amanda_Harkimo",0.810071479045822,"Female",2.33729518801799,2.16666666666667
"Amber_Frey_vid01_clip08_2secs",0.0630755815579663,"Female",2.48552346169963,2.16666666666667
"Amber_Tamblyn_vid02_clip02_2secs",0.91989114870879,"Female",3.40428531875743,1
"Amelia_Vega_vid01_clip03_2secs",3.28738473157092e-07,"Female",2.0135131209727,2.2
"Amelie_Mauresmo_vid02_clip04_2secs",0.999981998977261,"Male",3.03725131850545,2.16666666666667
"Amy_Brenneman_vid03_clip01_2secs",0.012836710421107,"Female",3.30973572721802,3.2
"Amy_Davidson_vid01_clip03_2secs",0.858567318346089,"Female",2.50478113377142,2.2
"Ana_Maria_Braga",0.0006580157039179,"Female",2.7054691806247,3.6
"Andrea_Anders_vid01_clip01_2secs",4.68398820339972e-06,"Female",1.97402398281586,1.5
"Andrea_Bowen_vid01_clip03_2secs",0.0231834496371245,"Female",1.05975518371674,1.5
"Andrea_Pfister",0.998971088656201,"Female",3.44495031690827,4
"Andrew_Morley",0.999999999973295,"Male",2.60459528865963,1.2
"Anette_Cross",2.20204066590035e-06,"Female",2.79196452273177,4
"Anne_Nivat",0.0878359623999497,"Female",3.10906398517569,2.6
"anne_shownieuws",1.76864600789749e-12,"Female",1.79311462348871,1.6
"Antonia_Prebble",1.19143321981101e-11,"Female",1.69290562403918,2.16666666666667
"Atom_Egoyan",0.999875326279744,"Male",2.20005764045776,3.16666666666667
"Bonnie_Sveen",0.0006030575278163,"Female",2.96810092884273,2.33333333333333
"Brene_Brown",0.999999891427501,"Female",2.3059291661881,4
"Brett_Anderson",0.999851356995295,"Male",2.70560635466728,4
"Bridgette_Sneddon",0.000122576842237589,"Female",2.77226836562664,1.83333333333333
"Caio_Blat_vid01_clip02_2secs",0.999480674894086,"Male",2.67442581788488,2.66666666666667
"Caitlin_Moran",3.77009851197673e-11,"Female",1.96499969143443,2.33333333333333
"Calbert_Cheaney_U124_vid02_clip02_2secs",0.00407445282665012,"Female",1.66502440647896,0.166666666666667
"Calbert_Cheaney_vid02_clip03_2secs",0.937764686530671,"Male",3.1979589302249,1.66666666666667
"Cam_Gigandet_vid02_clip07_2secs",0.999999999989069,"Male",2.09765738736149,2
"Candie_Kung_vid01_clip05_2secs",2.6456921442792e-08,"Female",2.07702940927483,2
"Carey_Lowell_vid03_clip02_2secs",1.53904312031712e-09,"Female",1.92695576526173,1.2
"Carla_Bruni",2.54705631218534e-09,"Female",1.98353956400759,1.8
"Carla_Sullivan_U126_vid04_clip03_2secs",0.182786037518472,"Female",2.16497804266624,1.33333333333333
"Carla_Sullivan_vid02_clip01_2secs",8.39861099634068e-08,"Female",1.67514275698154,0.833333333333333
"Carlos_Queiroz_vid03_clip01_2secs",0.999999999955999,"Male",2.70801341216212,4.5
"Carlos_Salinas_U127_vid01_clip02_2secs",0.940392808517029,"Female",2.27929351007128,2
"Carlos_Salinas_vid01_clip03_2secs",0.0809196763512892,"Male",2.36004277276291,3
"Carlton_Dotson_U002_vid01_clip05_2secs",0.999921265413522,"Female",2.14568313676998,4.83333333333333
"Carolina_Barco_vid03_clip01_2secs",0.000517878538918456,"Female",2.05333525090938,2.33333333333333
"Caroline_Dhavernas_vid01_clip04_2secs",0.999785402900213,"Female",2.72401746557612,1.8
"Caroline_Kennedy_U128_vid02_clip02_2secs",4.49806854606769e-07,"Female",2.47795775757638,3
"Caroline_Kennedy_vid04_clip01_2secs",0.360384953801256,"Female",2.82300673130348,3.6
"Caroline_Link_U129_vid05_clip01_2secs",0.00388315318867128,"Male",2.42336894062249,1.16666666666667
"Caroline_Maes",4.15601173299866e-05,"Female",2.61725497911239,2.83333333333333
"Carolyn_Hennesy_vid04_clip12_2secs",3.52745537323472e-07,"Female",2.06395294138659,3.33333333333333
"Carson_Palmer_vid01_clip03_2secs",0.99999999990857,"Male",2.95849883363628,2.66666666666667
"Catherine_Bell_U130_vid05_clip01_2secs",0.999995419671724,"Female",3.09848335048096,3
"Catherine_Bell_vid06_clip01_2secs",0.121427484431359,"Female",1.88808749488701,2.33333333333333
"Catherine_Ndereba_U003_vid06_clip01_2secs",0.374943072000825,"Female",2.31089067714992,2.5
"Cathy_Freeman_U005_vid01_clip06_2secs",0.176278389284544,"Female",2.37227415192134,0.166666666666667
"Cathy_Freeman_U006_vid01_clip06_2secs",0.000103785653020084,"Female",2.65403118668126,1.66666666666667
"Cathy_Freeman_U131_vid04_clip02_2secs",0.00139393533001741,"Female",1.8946720731592,2
"Cathy_Freeman_U132_vid01_clip06_2secs",0.502082587462852,"Male",3.02822922908433,2
"Cathy_Freeman_U133_vid01_clip08_2secs",0.000667511936359941,"Female",1.41376128516518,1
"Cathy_Freeman_vid01_clip01_2secs",0.996646935743988,"Female",2.31370822025844,3.33333333333333
"Cauet_Cartonne",1.82485324698784e-07,"Male",2.24512567414431,3.33333333333333
"Cecilia_Hornus",1.18332607591127e-09,"Female",2.72871535286765,3.33333333333333
"Cedric_Jimenez",0.99998439560326,"Male",3.63924070745956,2.16666666666667
"Cedric_Villani",4.50354823685594e-14,"Male",1.840566282967,2
"Charles_Rogers_U007_vid06_clip06_2secs",0.99999998718726,"Male",2.79008311292906,2.2
"Charlie_Clausen_01",0.999999863817348,"Male",1.17508889538609,2.5
"Charlie_Clausen_02",0.999999886889058,"Male",2.57237640446973,2.2
"Charlie_Coles_U135_vid04_clip02_2secs",0.999999999999872,"Male",2.29107552150713,3.2
"Charlie_Coles_vid02_clip03_2secs",0.999999986408633,"Male",4.18083458929766,5.2
"Charlie_Deane_vid01_clip03_2secs",0.205212110420647,"Male",2.22300598559009,3.8
"Charlie_Hunnam_U136_vid01_clip02_2secs",0.999926662910237,"Male",2.703003082831,2.6
"Charlie_Hunnam_vid04_clip02_2secs",0.994255409089764,"Male",2.39353751840562,1.4
"Charlotte_Casiraghi_vid01_clip02_2secs",0.999511401633343,"Female",1.96711596058828,1.2
"Charlotte_Church_U137_vid04_clip01_2secs",0.99999999740076,"Male",3.02663516303546,2.8
"Charlotte_Church_vid05_clip06_2secs",0.000181998387746249,"Female",1.85054224598394,1.2
"Cheryl_James_vid02_clip09_2secs",0.000548604755838615,"Female",1.37330834302183,2
"Cheryl_Tiegs_vid04_clip01_2secs",0.00019453236596777,"Female",1.92884827421389,2.8
"Chris_Cornell_vid03_clip08_2secs",0.999990643452697,"Male",3.34432173598007,2.6
"Chris_Hernandez_U008_vid02_clip08_2secs",0.999999780440389,"Male",3.24098426790966,1.4
"Christian_Gimenez_U009_vid03_clip02_2secs",0.999800274871209,"Male",2.00736743748264,2.2
"Christian_Kreiss",0.999999997532825,"Male",2.26097171884996,4.4
"Christopher_McDougall",0.999999999996319,"Male",2.63137336954843,3.4
"Chris_Van_Tongelen",0.977554098595587,"Male",3.34764264912529,3.6
"Claire_Tomalin_U010_vid05_clip01_2secs",0.999809127754964,"Female",2.52846726700119,2.4
"Conrad_Sewell",0.999999804426093,"Female",2.31396360000387,2.2
"Cyprien",0.999999999381572,"Male",3.28869089829601,1.4
"Dan_Carter",0.999999999999459,"Male",2.84045223176605,2.4
"Dan_Ewing",0.999999999012189,"Male",2.18457783762224,1.8
"Dannii_Minogue",4.11593961704563e-07,"Female",1.18462796777489,2.6
"Darcy_Regier_vid04_clip01_2secs",0.999998267974102,"Male",1.38876294540339,0.8
"Darrell_Issa_vid01_clip04_2secs",0.999999999849404,"Male",2.98938376497556,3.6
"Darryl_McDaniels_vid03_clip16_2secs",1.77899946738277e-10,"Male",1.56604847950654,2.6
"Dave_Matthews_vid01_clip01_2secs",0.999999980409016,"Male",3.04433524926461,1.4
"Dave_McGinnis_U011_vid02_clip02_2secs",0.999999961383273,"Male",2.51163239601028,4.8
"Dave_McGinnis_U012_vid01_clip02_2secs",2.79274652707538e-08,"Female",1.19238396988299,1.2
"Dave_McGinnis_U138_vid02_clip01_2secs",0.999999629268836,"Male",2.79030266209881,2
"David_Boreanaz_vid03_clip01_2secs",0.737471669417615,"Male",2.83999221900569,2.6
"David_Brent_U139_vid03_clip01_2secs",3.76514885553551e-07,"Male",1.09638014212079,1
"David_Brinkley_U014_vid04_clip06_2secs",8.72984647121041e-05,"Female",2.46432129263914,1.2
"David_Brinkley_U140_vid04_clip14_2secs",0.435588207435636,"Male",2.83481351367759,4.2
"David_Campbell",0.999999994025635,"Male",1.74489798842166,2.6
"David_Canary_vid04_clip01_2secs",0.0108950240403865,"Male",2.80577110392935,3.6
"David_Wenham_vid01_clip01_2secs",0.453197045909812,"Male",2.75241479040155,1.8
"Dayo_Ade",6.55079859332603e-08,"Male",2.01322119731758,1.6
"Dean_Cain_vid02_clip16_2secs",0.854989185333945,"Male",2.49945528637179,2.8
"Demi_Harman",0.000123370958859052,"Female",2.11330398352619,1.2
"Denise_Crosby_vid06_clip03_2secs",0.000191911069901861,"Female",3.03747582708843,3.4
"Dermot_Mulroney_vid04_clip02_2secs",0.99999999437357,"Male",3.74354716954382,4
"Diahann_Carroll_vid02_clip01_2secs",1.39583705432363e-13,"Female",2.25000006065116,4
"Dianna_Agron_U141_vid06_clip04_2secs",0.982458985191736,"Female",1.81997283512249,1.6
"Diego_Luna_U142_vid03_clip02_2secs",0.00939356196227967,"Female",2.37525130914785,1.2
"Dirk_Tuypens",0.991930291089693,"Male",2.34727218311772,3
"Dounia_Coesens",0.00123107201305125,"Female",1.0153447999815,1.8
"Dudesons_01",0.960122258187303,"Male",2.14425358649805,2.6
"Dudesons_02",0.0617348613580886,"Male",2.97989291419187,2
"Edi_Gathegi_U018_vid06_clip04_2secs",0.991657478501535,"Male",2.20255109597947,0.4
"Edmund_Hillary_U019_vid03_clip02_2secs",0.961898255088789,"Male",3.82466536759579,5.6
"Ed_Rendell_vid02_clip08_2secs",0.985737640935315,"Male",4.60201524402376,4.8
"Ed_Smart_vid05_clip03_2secs",0.999999999999981,"Male",3.59938922342257,4.8
"Ed_Sullivan_U020_vid04_clip02_2secs",0.999999999999143,"Male",3.32848393090673,3.6
"Eduard_Limonov_U021_vid06_clip01_2secs",0.999999998245084,"Male",3.57160138255657,4.4
"Edward_Burns_vid02_clip04_2secs",0.999999995958451,"Male",2.66669634404433,2.8
"Edward_Said_U022_vid02_clip06_2secs",4.60559648707597e-12,"Female",1.3607481606811,1.2
"Edwin_Edwards_vid02_clip04_2secs",0.999995206269324,"Male",3.40687409392594,5
"Ehud_Olmert_U023_vid06_clip05_2secs",0.999999999973263,"Male",2.58380525188085,1.6
"Eileen_Davidson_vid05_clip01_2secs",8.28096819875002e-06,"Female",2.84210690968,3
"Einars_Repse_U024_vid03_clip02_2secs",0.000338649396533316,"Female",2.61563610007518,2.8
"Eini",1.75605715057574e-08,"Female",3.21371262887883,3.2
"Ekow_Thelo",4.28421283666869e-07,"Male",1.77441640916805,1.6
"Eladio_Larez_vid01_clip02_2secs",0.79104993464219,"Male",3.08300159860723,5.4
"Elaine_Chao_vid04_clip13_2secs",7.45548026084093e-05,"Female",1.36001093320951,3.6
"Elaine_Stritch_vid06_clip08_2secs",0.0821158511751341,"Female",3.16118274147661,6
"Elgin_Baylor_U145_vid03_clip07_2secs",0.999999998088553,"Male",3.77301814236648,4.2
"Eliane_Karp_U025_vid05_clip03_2secs",0.104827554465252,"Female",2.75151096771437,3
"Eli_Broad_vid01_clip02_2secs",0.999999830664369,"Male",4.09369402740919,6
"Eliot_Spitzer_U148_vid02_clip03_2secs",0.334280399878501,"Female",2.38431718667046,1.2
"Elizabeth_Berkley_vid05_clip03_2secs",0.0006098050355619,"Female",2.78811864985704,2
"Elizabeth_Dole_U027_vid05_clip06_2secs",0.00289391644072102,"Male",2.5775868605051,3.4
"Elizabeth_Hendrickson_vid02_clip06_2secs",0.415990104322451,"Female",1.57734641324138,1.4
"Elizabeth_Hurley_U149_vid03_clip10_2secs",0.999999994213393,"Male",2.82473757430167,3.4
"Elizabeth_Pena_U150_vid04_clip01_2secs",3.95127362510591e-06,"Female",1.17119554884043,1.8
"Elizabeth_Pena_vid01_clip03_2secs",7.79002612519783e-09,"Female",1.85711466067473,3
"Elizabeth_Shue_vid03_clip01_2secs",0.0941553253127419,"Female",2.72761444437774,3.4
"Elizabeth_Smart_vid02_clip01_2secs",0.0117059178190398,"Female",2.08561529785642,1.2
"Eliza_Coupe_vid01_clip08_2secs",0.530492965920635,"Female",2.7960883125688,1.8
"Ellen_Barkin_vid02_clip01_2secs",4.37366819264441e-11,"Female",2.48606311943736,4.2
"Ellen_Greene_U029_vid02_clip05_2secs",0.0221055459169809,"Female",2.45106142809413,2.2
"Ellen_MacArthur_vid03_clip09_2secs",2.05669904128686e-10,"Female",2.58698476729078,2.4
"Elli_Avram",1.33510106497408e-09,"Female",1.95404489064245,1.4
"Elodie_Bouchez_U152_vid02_clip01_2secs",0.999999999999998,"Male",2.65621555962593,4
"Elodie_Bouchez_vid06_clip03_2secs",7.63298577314641e-08,"Female",2.08283917455917,2.2
"Elsa_Zylberstein_U030_vid06_clip01_2secs",0.992203194838932,"Male",3.28647187436225,4.2
"Elsa_Zylberstein_U153_vid04_clip04_2secs",0.999966981734948,"Male",1.65472960003652,2
"Elva_Hsiao_U155_vid06_clip01_2secs",0.999993945345726,"Male",2.53968382416369,1.8
"Elva_Hsiao_vid02_clip01_2secs",7.13879235090323e-10,"Female",1.19356227063803,1.4
"Elvis_Presley_U032_vid03_clip02_2secs",4.22078304504011e-13,"Female",2.05101940520399,3
"Elvis_Presley_U156_vid06_clip02_2secs",5.25821006695459e-07,"Female",2.21637228233046,1.8
"Emile_Hirsch_vid01_clip05_2secs",0.799053824675117,"Male",2.10331867614644,2
"Emilio_Botin_U033_vid04_clip02_2secs",0.999936290224696,"Female",2.16827802077155,3.4
"Emily_Symons",0.000143963112624888,"Female",2.31208716740128,2.8
"Emmanuelle_Beart_U034_vid04_clip06_2secs",1.01556074604935e-08,"Female",2.32978559829351,1.2
"Emmanuel_Milingo_U035_vid04_clip03_2secs",0.0175788403332691,"Male",3.79372437105433,4.8
"Emma_Thompson_U157_vid03_clip09_2secs",0.999999244670666,"Male",2.19957129511493,1.2
"Enrique_Bolanos_U036_vid03_clip03_2secs",0.00445781544687359,"Male",2.32212584515259,2.2
"Erdogan-Kritiker_Kilic",0.999549171020258,"Male",2.42860633169231,3.4
"Erica_Jong",0.00084836648653375,"Female",2.38134250780759,4
"Eric_Bana_U158_vid06_clip06_2secs",0.999999999997912,"Male",3.44451455440934,2
"Eric_Clapton_U159_vid02_clip03_2secs",0.0001750050959212,"Male",2.98504557514241,5.4
"Eric_Clapton_vid01_clip02_2secs",0.999999219460371,"Male",3.21848169860731,4.2
"Eric_Dane_vid01_clip04_2secs",0.999999999956565,"Male",3.35502175981919,2.8
"Eric_Fehr_vid01_clip07_2secs",0.999999990358817,"Male",2.69704350117579,2.2
"Eric_Rosser_U160_vid04_clip06_2secs",0.999999999987774,"Male",3.17662758718535,2.8
"Eric_Shinseki_U161_vid05_clip05_2secs",2.48549492586959e-07,"Female",1.9355561144086,2.2
"Eric_Shinseki_vid02_clip01_2secs",0.151018135372007,"Male",2.20646230374728,3.6
"Eric_Staal_vid01_clip05_2secs",0.999999923742838,"Male",2.47915753516237,1.4
"Eric_Wedge_vid06_clip02_2secs",0.988080565187107,"Male",3.55621309518654,4.2
"Eriko_Tamura_U040_vid06_clip09_2secs",0.997584714035039,"Male",2.56006753259814,1.6
"Eriko_Tamura_U162_vid05_clip01_2secs",1.65830088279859e-06,"Male",1.75094118328753,2.6
"Erin_Brockovich_vid01_clip02_2secs",2.40798202146837e-07,"Female",2.59780874047946,3.8
"Erin_Chambers_U041_vid03_clip02_2secs",6.68119779587995e-10,"Female",1.6503215004505,2.4
"Erin_Cummings_U163_vid03_clip11_2secs",3.05145615209188e-09,"Female",2.29020767508286,1.6
"Erin_Cummings_vid01_clip06_2secs",2.52470558127865e-10,"Female",1.60940822371877,1.2
"Erin_Hershey_Presley_U042_vid01_clip08_2secs",0.000289266666352154,"Male",0.819893432985082,0.6
"Erin_Runnion_vid03_clip04_2secs",0.507553706577738,"Female",2.3259065333938,1.8
"Ernest_Hollings_U164_vid06_clip06_2secs",0.999999999936468,"Male",2.99028910921525,4.2
"Esko_Eerikainen",0.999999999703433,"Male",2.78819851842569,2.6
"Estelle_Morris_U165_vid02_clip02_2secs",9.27353620086055e-09,"Female",1.84001341182087,1.6
"Eva_Amurri_vid01_clip03_2secs",1.03169111368393e-06,"Female",1.51481779594774,2.2
"Eva_Lobau",0.00062813381995825,"Female",2.50964427643,2.8
"Evander_Holyfield_vid06_clip02_2secs",0.999999661256852,"Male",2.46085643696318,3
"Evan_Marriott_U043_vid01_clip04_2secs",0.000351296360676206,"Male",1.99175803361381,2.2
"Evan_Rachel_Wood_vid04_clip04_2secs",2.74314702558851e-07,"Female",2.14871293509875,1.6
"Fabienne_Carat",9.31896313924633e-07,"Female",1.95850092083729,2.2
"Fanny_Ardant",0.935025245617256,"Female",3.74842370483837,4.6
"Fedja_van_Huet",0.999503717232395,"Male",2.47863982677069,2.4
"Fifi_Box",0.00220525471880302,"Female",2.36256892944819,2.6
"Fitzy",0.999964546955497,"Male",2.80737376727853,2.2
"Flavia_Pennetta_vid03_clip08_2secs",0.00586975632391719,"Female",2.64010428108462,2.2
"Florecita_Cobian_vid06_clip04_2secs",0.0119913509190458,"Female",2.18282110656513,1.2
"Florencia_Lozano_U166_vid04_clip02_2secs",0.999920726671443,"Male",2.22479565869436,3
"Florencia_Lozano_vid03_clip01_2secs",0.000102913625222162,"Female",2.37822639895253,1.8
"Francesco_Totti_vid04_clip05_2secs",0.999990205453868,"Male",2.05527001315947,2.6
"Frances_Fisher_vid01_clip03_2secs",0.454265778580106,"Female",2.15682521810615,5
"Francisco_Santos_U044_vid03_clip03_2secs",3.36081238632494e-11,"Female",1.43655556454803,0.8
"Francisco_Santos_U167_vid06_clip06_2secs",0.999997596639592,"Male",3.56656194147305,4.8
"Franco_Frattini_vid05_clip04_2secs",0.999999999864211,"Male",4.64117877600362,4
"Francois_Ozon_U169_vid06_clip04_2secs",1.34053509460484e-12,"Female",1.86041823445301,1.2
"Francois_Ozon_vid05_clip02_2secs",0.999999879218318,"Male",2.3466226572504,2.8
"Francois_Pienaar_vid04_clip10_2secs",0.999942628756025,"Male",3.21323307317284,4
"Frank_Boeijen",0.999998603392517,"Male",2.75910112369365,3
"Frank_Keating_U171_vid05_clip09_2secs",3.96102008322799e-08,"Male",1.663368593891,2.8
"Frank_Keating_vid03_clip03_2secs",0.933235463466585,"Male",2.47829625400652,5.4
"Frank_Murkowski_U172_vid02_clip01_2secs",0.991377030393368,"Female",3.11622073827506,4.4
"Frank_Solich_U048_vid05_clip03_2secs",0.99999998476469,"Male",1.96516169493212,1.2
"Frans_Jeppsson_Wall",0.000344812112529751,"Male",1.69540785651964,0.8
"Franz_Beckenbauer_vid01_clip02_2secs",0.997095034680651,"Male",2.4164717475207,5.2
"Franz_Fischler_vid01_clip03_2secs",0.999999999999994,"Male",2.56809387391679,5
"Freddy_Rodr__guez_vid05_clip01_2secs",0.999548052438947,"Male",2.70326539819403,2.4
"Fred_Thompson_vid01_clip01_2secs",0.999999995725464,"Male",3.85193613100939,3.6
"Gabi_Zimmer_vid05_clip17_2secs",2.43475504303297e-06,"Female",4.05807470880611,3.8
"Gabriel_Farhi_vid01_clip02_2secs",0.999999992671864,"Male",2.07293914274686,3.6
"Gabrielle_Carteris_vid06_clip01_2secs",3.1183020556223e-05,"Female",3.10656613706924,4
"Gabriel_Valdes_U049_vid01_clip05_2secs",0.999999999991889,"Male",3.45426044427003,4.6
"Gael_Garcia_Bernal_vid01_clip06_2secs",0.000665958931960285,"Male",2.52681703912237,1.6
"Gary_Barnett_U050_vid05_clip02_2secs",0.00140985467521169,"Female",3.52273728414915,3
"Gary_Barnett_U174_vid04_clip01_2secs",0.999999999949896,"Male",3.4431257348402,4.2
"Gary_Bettman_U175_vid06_clip01_2secs",0.999999999993606,"Male",2.59780543248286,2.8
"Gary_Condit_U053_vid01_clip01_2secs",0.99999968239268,"Male",2.82807666133148,2.6
"Gary_Dourdan_vid03_clip03_2secs",0.000350652192350818,"Male",2.89533802423523,3.2
"Gary_Forsee_U054_vid02_clip03_2secs",0.020328400985672,"Female",1.66282583940032,3.4
"Gary_Forsee_U177_vid03_clip02_2secs",0.000603395708312836,"Female",1.88946633535059,3
"Gary_Locke_U055_vid06_clip02_2secs",0.349115508597964,"Male",1.95693690229739,3.8
"Gary_Marshall_vid01_clip13_2secs",0.018765273118434,"Male",2.17919429493127,5.4
"Gary_Stevens_vid03_clip02_2secs",0.999999999999972,"Male",3.04764095850746,4.2
"Gary_Williams_U056_vid02_clip01_2secs",0.999999999995428,"Male",3.40371382876812,3.4
"Gates_McFadden_vid02_clip01_2secs",1.4873653745724e-05,"Female",3.03347243548984,3.8
"Geena_Davis_vid05_clip01_2secs",0.999963871417606,"Female",3.01794482844144,3.6
"Gene_Robinson_U178_vid03_clip06_2secs",0.999991348331332,"Male",3.28561761024089,3.6
"Geno_Auriemma_vid02_clip03_2secs",0.999987667459791,"Male",3.09875509383146,3.6
"Geoff_Dixon_U058_vid01_clip01_2secs",0.999999987428099,"Male",1.94762747694743,2.4
"Geoff_Hoon_vid06_clip02_2secs",0.999999858394359,"Male",3.30829939742836,4.6
"George_Galloway_U179_vid01_clip02_2secs",0.466151629547602,"Female",2.30030473951669,2.4
"George_P_Bush_vid06_clip01_2secs",0.991717378508515,"Male",3.05112108705218,3.2
"George_Tenet_U181_vid03_clip05_2secs",0.99999999999999,"Male",4.08682054770471,4.4
"Gerald_Ford_U182_vid02_clip01_2secs",0.999999999108859,"Male",2.71359239462599,4.4
"Geraldine_Chaplin_U183_vid03_clip03_2secs",0.999249813131314,"Male",3.0972341392053,3.8
"Gerard_de_Cortanze_U060_vid04_clip05_2secs",0.115942312378867,"Female",2.60420385993769,2.6
"Gerard_Kleisterlee_U185_vid03_clip02_2secs",0.999999998446447,"Male",2.75328751268325,4
"Gerhard_Schick",0.999999982339998,"Male",2.20397252336023,2.8
"Gina_Wild",0.905841269134551,"Female",2.92878671851916,2.2
"Gisele_Bundchen_U186_vid01_clip01_2secs",2.14024436266337e-10,"Female",2.57131048805142,2.8
"Giulia_Enders",0.00046862314157269,"Female",2.40072124084116,1
"Glenn_McMillan",0.999998329586267,"Male",2.44882054562101,1.8
"Gregoire_Furrer",0.999837574264283,"Male",3.18323331708879,3.8
"Gregor_Gysi",0.999999906660238,"Male",3.39579400446535,4.4
"Gregory_David_Roberts",0.999995107152435,"Male",3.5282219417848,4.2
"Gro_Amdam",0.215228602763731,"Female",3.27142404506038,2.8
"Guy_Kawasaki",0.996811368133641,"Male",2.14945054514798,3.4
"Hal_Holbrook_vid03_clip02_2secs",0.835284662183561,"Male",3.95173651868294,5.6
"Hamad_Bin_Jassim_U064_vid05_clip01_2secs",0.999999999993746,"Male",3.81585025773728,4.2
"Hanan_Ashrawi_U065_vid04_clip01_2secs",0.999992312330161,"Male",2.74242413777504,1.8
"Hana_Sadiq_U066_vid06_clip03_2secs",0.99948039998931,"Female",2.71724495423252,3
"Hank_Aaron_U067_vid03_clip04_2secs",0.999999997733515,"Male",3.9424068567869,4.4
"Hank_McKinnell_U068_vid02_clip10_2secs",0.00312250978455,"Female",2.62350793150317,1.6
"Hannah_Fry",1.01283466000035e-06,"Female",2.28026629724814,1.6
"Hans_Christian_Schmid_U188_vid02_clip03_2secs",0.00128940833054268,"Female",2.14908282194495,3
"Hans_Christian_Schmid_vid01_clip02_2secs",0.979612257994338,"Male",2.09696834774119,2.6
"Hans_Eichel_U069_vid03_clip04_2secs",0.999999815338295,"Male",3.10633321841619,5
"Hans_Eichel_U189_vid04_clip01_2secs",0.866959506682709,"Male",3.4939878714713,5
"Hans-Jochen_Wagner",0.999999999999979,"Male",3.78360525192134,5.4
"Hape_Kerkeling",0.8988353885802,"Male",2.18874763414366,3.4
"Happoradio",0.999999998734598,"Male",3.16923153283591,2.4
"Harry_Connick_Jr__vid03_clip04_2secs",0.999999997700481,"Male",2.87820534979582,2.8
"Harvey_Weinstein_U070_vid05_clip10_2secs",0.999999980182583,"Male",3.10768644865315,4
"Hashim_Thaci_U072_vid01_clip05_2secs",1.48767482066733e-13,"Female",1.50166934997156,2.6
"Heikki_Paasonen",0.999998444369892,"Male",2.77253063050426,2.8
"Henrik_Kristoffersen",0.0137021585780163,"Male",2.85969953606245,1.8
"Holly_Hunter_vid02_clip09_2secs",0.00940909270458824,"Female",2.38289130166625,3
"Ian_Wilmut_U075_vid03_clip02_2secs",0.0683154560626948,"Male",2.56900346146972,3.2
"Igor_Trunov_vid03_clip03_2secs",0.999694309974116,"Male",2.25967205182475,4.2
"Iisa_Pykari",0.00165585516099372,"Female",2.18653718440694,1.6
"Ilan_Goldfajn_U076_vid01_clip03_2secs",1.56672214036481e-08,"Female",1.73760748988139,0.8
"Imelda_Marcos_U198_vid05_clip03_2secs",1.86537466835718e-06,"Female",2.06960005530323,2.4
"Indica",0.999520557480295,"Female",2.59136314934049,3.2
"Ingrid_Betancourt_vid02_clip02_2secs",1.89517196971877e-05,"Female",2.446776047178,1.6
"Ini_Edo",9.47820293795652e-05,"Female",2.29136180786876,0.8
"Irene_Fischer",0.019113381422433,"Female",3.10753708936345,4.6
"Irshad_Manji",0.0642185225485123,"Female",2.09887739105095,2.6
"Isabella_Rossellini_vid02_clip02_2secs",0.081223758670836,"Female",2.66583583933554,4
"Isabel_Lucas",5.4513356535451e-06,"Female",1.85861675216348,2.2
"Isac_Elliot",0.726295857646663,"Male",2.71522810255849,0
"Islam_Karimov_U079_vid04_clip05_2secs",0.999999998401602,"Male",3.14257972338402,1.8
"Itamar_Franco_U200_vid01_clip04_2secs",0.0486230562307661,"Female",3.27551849157025,3
"Ivan_Helguera_vid01_clip03_2secs",1.87308172720633e-05,"Male",1.85644026390381,2
"Jackee_Harry_U081_vid03_clip09_2secs",0.999984658918722,"Male",2.65271607975703,2.6
"Jack_Osbourne_vid05_clip01_2secs",0.829197983025106,"Male",2.50351052687026,2.4
"Jackson_Rathbone_U203_vid01_clip10_2secs",0.999999999999938,"Male",2.57117564676313,1.8
"Jackson_Rathbone_vid02_clip04_2secs",0.999989852165214,"Male",2.30718296807478,2.2
"Jack_Valenti_U084_vid03_clip02_2secs",0.0123499501391839,"Female",2.70517592130213,2.4
"Jacky_Cheung_vid05_clip02_2secs",0.0123989515841796,"Male",1.68962556400163,2
"Jacky_Lafon",1.9416358838722e-06,"Female",2.56768836359886,3.8
"Jacqueline_Gold_U204_vid05_clip11_2secs",0.474370808014232,"Female",2.83501700110566,4
"Jacques_Chirac_U087_vid06_clip09_2secs",0.999382742730677,"Male",3.02574849331972,5.2
"Jacques_Chirac_U088_vid06_clip11_2secs",0.0097478143308078,"Male",2.31863848670844,1.6
"Jacques_Chirac_U205_vid02_clip02_2secs",0.999912353979695,"Male",3.22520030560803,5
"Jacques_Rogge_U089_vid02_clip06_2secs",0.999958658539944,"Male",1.88588673388654,2
"Jacqui_Lambie",5.34431354312884e-05,"Female",2.15896904335066,2.2
"Jaime_Pressly_vid04_clip06_2secs",8.01435707750914e-15,"Female",2.07315354970785,3.2
"Jake_Plummer_U090_vid01_clip01_2secs",1.06457188349323e-09,"Female",2.30897689263931,1.2
"Jake_Weber_U091_vid01_clip06_2secs",0.999999971023895,"Male",2.50910127314133,2.8
"Jalen_Rose_vid02_clip07_2secs",0.998687015323626,"Male",2.62685881736794,2.8
"James_Napier_Robertson",0.577021173578016,"Male",1.58375158333216,1.4
"Jamila_Rizvi",7.7384389649958e-07,"Female",1.374032618592,1.4
"Jane_Kennedy",0.0140485278135273,"Female",1.96121376336616,2.2
"Jane_Leeves_vid05_clip02_2secs",0.0668028986537239,"Female",2.63708969874303,3.4
"Jane_Rooney_vid03_clip01_2secs",0.00302068471447463,"Female",3.16647379554926,2.8
"Janez_Drnovsek_vid01_clip01_2secs",0.999007634415954,"Male",2.4456702561019,4
"Janice_Abreu_vid01_clip04_2secs",0.00310039657223413,"Female",2.23046400917995,2.4
"Jannika_B",2.44871240635142e-09,"Female",2.32143264319573,1.8
"Jan_Ullrich_vid02_clip04_2secs",0.999996847689744,"Male",2.67222741110782,3.2
"Janusz_Kaminski_vid01_clip05_2secs",0.997964779196426,"Male",3.03438052035949,4.8
"Jaouad_Gharib_vid03_clip06_2secs",6.15675508273804e-10,"Male",1.76618885069529,4
"Jarkko_Martikainen",0.999999993453887,"Male",2.68436290945602,3
"Jarkko_Ruutu",0.958136053716387,"Male",2.65985770171676,1.8
"Jason_Campbell_vid04_clip02_2secs",0.984062169347459,"Male",1.62441819611121,0.6
"Jason_David_Frank",0.0132740923713672,"Male",2.12117371567285,2.4
"Jason_Statham_vid03_clip14_2secs",0.999999999999646,"Male",3.0920034130602,3
"Jay_Baruchel_vid03_clip03_2secs",0.642754793085211,"Male",1.65685275002774,1
"JC_Chasez_vid02_clip04_2secs",0.999918750950801,"Male",2.51486894656955,1.8
"Jean_Dujardin",0.999988471263316,"Male",3.03439540918534,3.2
"Jean_Troillet",0.994224176402576,"Male",3.15833785461009,3.8
"Jean_wife",0.0264767924845011,"Female",3.12514934470179,3.2
"Jef_de_Smedt",0.999989481632817,"Male",2.73713959781403,5.2
"Jens_Fleicher",0.999999872811175,"Male",2.76619354349314,2.6
"Jeri_Ryan_vid04_clip09_2secs",0.000915071887286727,"Female",2.24067425354189,2
"Jerome_Bertin",1,"Male",2.22147577868866,3.4
"Jessica_Leccia_vid05_clip01_2secs",2.17795479829747e-06,"Female",1.76948432729817,1.4
"Jessica_Rey",7.42139107843331e-08,"Female",2.28349466462494,1.2
"Jethro_Rostedt",0.999996501617305,"Male",4.11024332520112,3.4
"Jimmie_Akesson",5.69520560473881e-06,"Male",2.56789254287673,2.2
"Joanna_Garc__a_vid01_clip05_2secs",0.766606083059249,"Female",2.81501160445491,2.2
"Joel_Dicker",0.999997305704582,"Male",2.19423066634905,2.2
"Joe_Manganiello_vid02_clip01_2secs",0.999999999657837,"Male",2.86042432699266,2.8
"Johan_Olsson",0.999999997211273,"Male",3.10929264537118,3.2
"John_Arne_Riise",0.999999207105947,"Male",2.30537914643887,2.2
"John_Irving",0.999999875243347,"Male",2.84351759909143,5.4
"Jonathan_Sadowski_vid03_clip03_2secs",0.999981059937853,"Male",2.50979336766797,2
"Jorg_Guido_Hulsmann",7.53951824823344e-08,"Male",2.02387580884992,3
"Josh_Duhamel_vid02_clip01_2secs",0.999999987955334,"Male",2.69472301998649,2.4
"Josie_Bissett_vid01_clip10_2secs",9.67955863617007e-08,"Female",2.28122198540114,2.4
"Jouko_Ahola",0.999998305072118,"Male",2.4880144043462,3
"Joyce_DeWitt_vid01_clip01_2secs",0.00402959773008468,"Female",3.06088021147377,4.6
"Jukka_Poika",0.99999999999945,"Male",3.23746793249186,2
"Julie_Benz_vid01_clip12_2secs",2.85679309539934e-07,"Female",1.7298871012726,2.4
"Julie_Marie_Berman_vid05_clip01_2secs",2.07736760372223e-12,"Female",1.42008446391172,0.833333333333333
"Jurgen_Horig",0.999997139781351,"Male",3.00468684585426,2.5
"Kalle_Palander",0.99999999999962,"Male",4.26483102699206,2.5
"Karin_Volo",2.22339211963937e-10,"Female",2.67606429380393,2
"Kate_Ritchie",0.000126551279708613,"Female",2.28571621363937,2
"Katherine_Kelly_Lang_vid06_clip05_2secs",1.16464695124613e-08,"Female",2.24246757448162,1.16666666666667
"Kathryn_Bigelow_vid03_clip02_2secs",0.552916163707098,"Female",2.83455756603035,2.6
"Kathy_Baker_vid05_clip01_2secs",4.87057947124072e-12,"Female",2.12109598035379,4.8
"Kathy_Gannon_vid03_clip02_2secs",5.19209991664759e-05,"Female",2.90476184136671,3.4
"Katrien_De_Becker",0.00019359905845397,"Female",3.22456220584342,2.2
"Kellie_Martin_vid06_clip03_2secs",0.10908083783894,"Female",2.7429982010695,1.6
"Kerr_Smith_U211_vid03_clip04_2secs",0.807741071947032,"Female",2.32126650753489,0.6
"Kerr_Smith_vid06_clip04_2secs",0.00548492494238082,"Male",2.31255624790738,3
"Kerry_Kennedy",0.997634572945491,"Female",3.01171366098264,3.6
"Kev_Adams",0.00247371039401619,"Male",2.20661007931155,1.6
"Kevin_Satterfield_vid01_clip03_2secs",0.989153937332381,"Male",2.10855728904072,3
"Kimberley_Motley",3.0007821845854e-07,"Female",1.81200906678631,1.83333333333333
"Kim_Fields_vid03_clip05_2secs",4.50499131253884e-07,"Female",1.68423150951079,2.2
"King_Abdullah_II_U213_vid04_clip11_2secs",0.99996963134342,"Female",1.60877898500037,1.8
"King_Abdullah_II_vid03_clip08_2secs",0.999993988328111,"Male",3.09115678132472,3.16666666666667
"Klaus_Wowereit",0.999970056606115,"Male",3.04498763472471,4.2
"Krista",1.44588000339999e-13,"Female",2.35706569715418,0.8
"Krista_Kosonen",0.328444832101836,"Female",2.22005799622042,1.8
"Kristin_Neff",0.999796649738708,"Female",1.93581378353225,1.83333333333333
"Kristin_Scott_vid03_clip06_2secs",4.2149292180399e-08,"Female",2.53098892256942,3.8
"Kummeli",0.999970199706405,"Male",2.69650466456655,2.6
"Kygo",0.998896151000828,"Male",3.02138869205142,1.4
"Kyle_Pryor",0.999999975702609,"Male",3.03730778124304,1.6
"Lacey_Chabert_vid01_clip11_2secs",7.37829214887545e-05,"Female",2.17049267147539,1.4
"Laetitia_Milo",1.74294878791809e-06,"Female",1.91579412019018,1.6
"Laila_Ali_vid04_clip01_2secs",2.32113742369759e-05,"Female",2.44956282489771,1.8
"Lara_Logan_vid02_clip04_2secs",0.786581297317396,"Female",2.05646818501146,2.2
"Larenz_Tate_vid01_clip02_2secs",0.426245532680029,"Male",1.77895469760636,1.6
"Larry_Hagman_U092_vid02_clip05_2secs",1.45217334829527e-06,"Female",3.93957627895436,3.16666666666667
"Larry_Hagman_U215_vid05_clip01_2secs",0.773557086240998,"Male",1.9200232427076,1
"Larry_Lucchino_vid03_clip06_2secs",0.999999999938761,"Male",2.45999418306574,4.4
"Larry_Nichols_vid01_clip01_2secs",0.986876799165927,"Male",3.07973832359739,4
"Lars_Von_Trier_U093_vid05_clip02_2secs",0.999985074244218,"Male",2.52774014374969,3
"Laura_Elena_Harring_vid02_clip05_2secs",0.349713748520155,"Female",1.57011751620113,2
"Laura_Flessel_vid01_clip10_2secs",3.78127406031099e-10,"Female",1.98935610896105,1.83333333333333
"Laura_Hernandez_vid01_clip03_2secs",1.47705429025472e-11,"Female",1.30515902202158,0.6
"Laura_Leighton_U216_vid03_clip04_2secs",6.08506879748006e-06,"Female",1.30462768740702,2.4
"Laura_Leighton_vid03_clip06_2secs",1.13269109516985e-09,"Female",1.70219548586028,2.33333333333333
"Laura_Pausini_vid03_clip02_2secs",9.12226659478293e-10,"Female",2.38357956118899,2.4
"Laura_Romero_vid01_clip02_2secs",0.999091458123013,"Female",2.90158171998885,3.4
"Laura_Ziskin_vid02_clip05_2secs",7.49929872968541e-09,"Female",2.48360100563532,4.2
"Lauren_Koslow_U218_vid05_clip01_2secs",0.999922944837368,"Male",2.32463294661304,2
"Lauren_Koslow_vid01_clip01_2secs",0.000782374275063883,"Female",2.78882931686657,3.2
"Lea_Drucker",1.22969630099593e-06,"Female",2.72811833671743,2
"Leah_Remini_vid02_clip04_2secs",1.83364816412614e-11,"Female",1.86230822282822,2.4
"Leandrinho_Barbosa_vid06_clip08_2secs",0.00149567194158971,"Male",2.77772531264905,1
"Lecy_Goranson_U095_vid05_clip01_2secs",0.998634993273264,"Male",3.87560508441811,5.8
"Lena_Olin_U219_vid01_clip11_2secs",0.999871603677164,"Male",2.00974659190361,2.6
"Lene_Espersen_vid01_clip09_2secs",1.48742825804567e-07,"Female",1.92576489372012,3.4
"Lennart_Johansson_U098_vid01_clip01_2secs",0.999972810087663,"Male",2.85195580194093,5.2
"Lennart_Johansson_U220_vid03_clip03_2secs",0.0536180936344919,"Male",1.96843914209349,1.6
"Leonid_Kuchma_U221_vid02_clip02_2secs",1.07128083296974e-06,"Female",2.57154938262667,1.6
"Lesley_Anne_Down_vid01_clip01_2secs",6.67989748211688e-13,"Female",2.19956158107347,3
"Leszek_Miller_vid01_clip02_2secs",0.999999303889082,"Male",4.61262714160008,5.4
"Leticia_Dolera_vid05_clip01_2secs",2.83449018246595e-10,"Female",1.25864579350598,1.8
"Lexi_Ainsworth_vid01_clip03_2secs",3.82740985511016e-05,"Female",1.66231200385328,1.2
"Liev_Schreiber_vid03_clip01_2secs",0.999999961449981,"Male",2.77036444093412,3
"Li_Ka_shing_U222_vid01_clip01_2secs",8.9365930619273e-11,"Female",2.69963491607499,2.2
"Lili_Taylor_vid01_clip01_2secs",0.000159777215171365,"Female",2.61330502032542,3.2
"Lily-Rose_Depp",4.02937362837875e-16,"Female",1.49246802675354,0.333333333333333
"Linda_Dano_U223_vid04_clip09_2secs",0.605525388451903,"Male",2.76576164354597,3.4
"Linda_Franklin_U101_vid04_clip01_2secs",7.41298374714679e-06,"Female",2.79469173852702,3
"Linda_Gray_vid03_clip07_2secs",0.0450213287944608,"Female",2.61507719112386,4
"Lindsey_Graham_vid04_clip01_2secs",2.53951767814311e-06,"Male",3.51247430863029,4.8
"Lisa_Ling_vid05_clip03_2secs",0.0654125486236606,"Female",2.81643326844444,2.16666666666667
"Lisa_LoCicero_vid05_clip09_2secs",3.0184607338084e-05,"Female",2.18519481745875,1.83333333333333
"Lisa_Mazzone",0.695098892787676,"Female",2.52556360241598,1.6
"Lisa_Murkowski_vid04_clip02_2secs",8.17449288018867e-13,"Female",4.13109179310406,4
"Liza_Minnelli_U226_vid06_clip01_2secs",0.0824489153805702,"Female",2.56868721062102,1.2
"Lone_Frank",0.459239540953132,"Female",2.72716121733241,2.16666666666667
"Lorraine_Bracco_vid01_clip09_2secs",2.23033359082728e-06,"Female",2.60351870938159,2.8
"Louisa_Baileche_U227_vid06_clip04_2secs",0.0295948124969299,"Male",2.59965774733415,3.6
"Louis_Duneton",0.983008189204576,"Male",2.357620077401,0.8
"Lucy_Feagins",1.93564810476116e-05,"Female",2.27704856438764,1
"Luis_Ernesto_Derbez_Bautista_vid05_clip01_2secs",0.00706557449852936,"Male",2.49066114979904,4
"Luis_Fonsi_vid01_clip04_2secs",0.999999888390949,"Male",2.42032700963103,1.83333333333333
"Luke_Walton_vid01_clip08_2secs",0.999999996740833,"Male",1.20495586892751,2
"Lyle_Lovett_vid02_clip04_2secs",0.999998167125731,"Male",3.30560590152496,4.4
"Lynne_McGranger",1.81980442475723e-09,"Female",2.51995419287076,3.66666666666667
"Lynn_Redgrave_vid01_clip07_2secs",0.00303774424716917,"Female",2.25327961184297,4.2
"Mackenzie_Aladjem_vid01_clip03_2secs",2.47207825300715e-10,"Female",2.2593581148094,0
"Mae_Jemison_vid01_clip06_2secs",4.14982784559903e-05,"Female",1.60666357020943,2.16666666666667
"Maggie_Cheung_vid02_clip05_2secs",1.48050916616142e-09,"Female",1.99807181032724,3.4
"Malek_Chebel",0.999999984060137,"Male",2.45638012215163,3.66666666666667
"Manuel_Valls",0.999999995392058,"Male",2.60112677591897,2.33333333333333
"manyfaces01_vid02_clip02_face02_2secs",2.32980898764695e-07,"Male",1.19101975954145,1.33333333333333
"manyfaces01_vid02_clip04_face03_2secs",0.687858798176004,"Female",2.38781075381253,1.2
"manyfaces01_vid02_clip06_face01_2secs",1.58586865683132e-06,"Female",1.92435605085036,1.2
"manyfaces01_vid02_clip06_face04_2secs",0.0423323837955614,"Female",2.36417282343244,1.33333333333333
"manyfaces01_vid02_clip06_face05_2secs",0.0299010804817019,"Female",2.21896120579879,0.8
"manyfaces01_vid02_clip06_face06_2secs",6.23481101432373e-12,"Female",1.85673914931736,1.66666666666667
"manyfaces01_vid03_clip01_face01_2secs",0.999950545383802,"Male",1.84537678091669,1.2
"manyfaces01_vid03_clip01_face05_2secs",5.16193569876604e-08,"Female",1.62570506336079,1
"manyfaces01_vid03_clip01_face06_2secs",0.0137241774644392,"Male",1.14107753560702,1
"manyfaces01_vid03_clip01_face07_2secs",1.09001909900758e-10,"Female",1.29162531378178,1
"manyfaces01_vid03_clip01_face08_2secs",0.987617226535733,"Male",1.3668661848263,0.2
"manyfaces01_vid03_clip02_face03_2secs",0.999613005974955,"Male",1.59361351346616,1.4
"manyfaces01_vid03_clip02_face04_2secs",0.99999999999811,"Male",3.46960806268629,1
"manyfaces01_vid03_clip02_face09_2secs",0.995913951559016,"Female",2.53883264424427,1.55555555555556
"manyfaces01_vid03_clip03_face02_2secs",6.17403305427897e-05,"Female",1.32645523881581,0.6
"manyfaces01_vid03_clip03_face10_2secs",0.247196135235323,"Male",2.16265900413822,0.8
"manyfaces01_vid03_clip03_face12_2secs",0.0032221857151168,"Female",2.15863542251486,1.6
"manyfaces01_vid03_clip03_face13_2secs",0.676744426729979,"Male",2.38903933861455,0.6
"manyfaces01_vid03_clip03_face14_2secs",0.999999899786649,"Male",3.34233177730679,3
"manyfaces01_vid03_clip03_face15_2secs",0.966663199996221,"Female",1.93606610744692,1.6
"manyfaces01_vid03_clip04_face16_2secs",0.999991916246818,"Female",2.3012162743953,1
"manyfaces01_vid03_clip05_face17_2secs",0.00701741282428601,"Male",2.53714600980246,3
"manyfaces01_vid05_clip01_face01_2secs",3.95232724704103e-06,"Female",1.27030043533066,0.8
"manyfaces01_vid05_clip01_face02_2secs",0.999999999267832,"Male",2.85924635732037,3.4
"manyfaces01_vid05_clip03_face03_2secs",0.993088518818271,"Male",2.76181472783977,0.777777777777778
"manyfaces01_vid05_clip12_face04_2secs",0.999999999999901,"Male",4.10887836936684,3.22222222222222
"Marc_Bulger_vid01_clip03_2secs",0.999997270578045,"Male",3.5725730001062,2.6
"Margaret_Cho_vid02_clip14_2secs",0.000215362128193618,"Female",2.55268040942156,2.6
"Marg_Helgenberger_vid06_clip06_2secs",3.54802900141742e-12,"Female",3.47721931228407,3.6
"Maria_Bello_vid01_clip06_2secs",0.256319785315093,"Female",2.39991114582901,3.2
"Maria_Callas_vid05_clip05_2secs",1.35137823174142e-13,"Female",2.13686290028704,1.6
"Maria_Guida_U106_vid03_clip02_2secs",3.93004254783563e-06,"Female",1.64524245785183,2.2
"Mariel_Hemingway_vid04_clip08_2secs",0.895496123740581,"Female",2.60949866860645,3
"Marie_Reache",3.75390854045183e-08,"Female",1.6259359977894,3.2
"Marit_Bjorgen",0.827565657299229,"Female",2.58327806073769,2
"Mark_Benecke",0.99995804572688,"Male",2.27858083898883,2.33333333333333
"Martine_Jonckheere",1.10200873453661e-09,"Female",3.1561089623796,4.6
"Martin_Wuttke",0.999999913435599,"Male",4.76930861624467,4.4
"Mary_Crosby_U228_vid04_clip09_2secs",0.999999970326548,"Male",1.85059243431749,3
"Mary_Sue_Coleman_vid04_clip09_2secs",8.26862405176433e-09,"Female",3.65519064219161,4.8
"Masha_Gessen",0.000410871303415697,"Female",2.2279249927167,3.16666666666667
"Mathieu_Kassovitz",0.999966931103364,"Male",3.73439910195681,2.2
"Matt_Anderson_vid01_clip06_2secs",0.999629706209413,"Male",2.25033093086881,0.666666666666667
"Matti_Airaksinen",1,"Male",4.03556456779846,2.5
"Melanie_Vallejo",0.00018386097507399,"Female",0.614060310235819,1.2
"Mia_Freedman",0.253397122693577,"Female",2.42217948930847,3
"Michael_Vartan_vid02_clip02_2secs",0.999999897350191,"Male",2.37093590941224,2
"Michael_Weatherly_vid01_clip02_2secs",0.999999961985813,"Male",2.88303098321377,2.5
"Michel_Drucker",0.999994530510713,"Male",2.71959042284822,4.2
"Michelle_Wie_vid01_clip10_2secs",0.0574236278960418,"Female",1.63525665427213,1.6
"Mike_Lash",0.999537796729014,"Male",2.09607142901948,1
"Milla_Jovovich_vid01_clip01_2secs",0.00106055240246638,"Female",2.37107077210368,1.8
"Minttu_Mustakallio",0.0772769162293214,"Female",1.74695294809785,2.4
"Mohamed_Mounir",0.999999983425121,"Male",2.11410002345738,2.4
"Molly_Burnett_vid01_clip04_2secs",8.20015319341727e-07,"Female",2.9135793832684,1.2
"Mona_Zaki",3.45276515110315e-05,"Female",1.95275126258367,1.8
"Monica",3.54362777790754e-07,"Female",2.21906750478142,1.66666666666667
"Monica_Bellucci_vid05_clip01_2secs",4.19478382923885e-06,"Female",2.1174089767962,2
"Monica_Bonfanti",0.0106934859375551,"Female",2.91635504579086,3.8
"Nadia_Bjorlin_vid01_clip03_2secs",0.0960804093942554,"Female",1.71355289651823,1.5
"Nadia_Petrova_vid06_clip05_2secs",0.000595070272028294,"Female",1.43511145117981,1
"Nadine_Vinzens_vid05_clip03_2secs",9.30065051115818e-12,"Female",1.49217290527011,2
"Naomi_Klein",1.00889060009322e-06,"Female",3.06696284132856,4
"Natarsha_Belling",0.000155164071583157,"Female",1.81780732496147,2.6
"Nathalie_Kosciusko-Morizet",0.00100108927020288,"Female",3.46147635594801,3
"Nico",0.500957952734672,"Male",1.20391754342723,1.2
"Nicolas_Eyzaguirre_U230_vid05_clip01_2secs",0.856272457687011,"Female",1.98377281395511,2.4
"Nicolas_Massu_U108_vid06_clip02_2secs",0.999999889915152,"Male",3.47152969772756,2
"Nicole_de_Boer_vid03_clip02_2secs",1.20370417229232e-06,"Female",1.2382440191847,0.666666666666667
"Nigel_Redden_vid01_clip03_2secs",0.933804359211723,"Male",3.33727447182459,5.4
"Nikki_Cascone_vid02_clip01_2secs",0.997228240881607,"Female",3.33596633620503,2.4
"Niko_Kivela",0.427758137433928,"Male",2.85268971249879,2.6
"Nikolay_Davydenko_vid01_clip01_2secs",0.99993457322662,"Male",3.10298766308932,2
"Nina_Jacobson_vid01_clip01_2secs",7.89122447851445e-06,"Female",3.04091179976341,2.8
"Noora_Karma",3.7326457799867e-05,"Female",2.52854315695243,1.8
"Nopsajalka",0.231121309930638,"Male",2.13563732899562,1
"Norah_Jones_vid03_clip04_2secs",2.17163906007139e-11,"Female",1.20460734651334,1.5
"Nora_Tschirner",0.910918976270895,"Female",1.92229323169241,1
"Norman_Jewison_vid03_clip03_2secs",0.999999999999922,"Male",3.13700991957824,5
"Norman_Reedus_U233_vid03_clip05_2secs",0.999995034832602,"Male",2.67791405377886,2.8
"Norman_Reedus_vid03_clip06_2secs",0.988151963883365,"Male",2.50302957111994,1.6
"Norm_Coleman_U111_vid06_clip14_2secs",0.00293941227014781,"Female",2.9612823788755,3.8
"O.C._Ukeje",0.997671423477338,"Male",2.77284077010236,2
"Omotola_Jalade_Ekeinde",1.42458757943686e-08,"Female",1.65607939517302,2
"Panagiota_Petridou",0.83174451352641,"Female",3.18648083124206,2.8
"Patti_Labelle_vid01_clip04_2secs",1.74054186177385e-10,"Female",3.16474777613433,4.2
"Paula_Dobriansky_vid01_clip04_2secs",0.000149730641430348,"Female",2.60925271622144,4.8
"Paula_Prentiss_vid06_clip08_2secs",6.84696882748797e-13,"Female",1.63475848418276,2.2
"Paula_Radcliffe_vid05_clip02_2secs",1.32565464315623e-07,"Female",2.64755226139544,3.2
"Paul_Auster",0.991250955680565,"Male",2.81724293443708,4.2
"Paula_Zahn_vid05_clip01_2secs",0.520966884885662,"Female",3.09618196989742,2.8
"Paul_Bettany_U112_vid06_clip01_2secs",0.00101090206076552,"Female",2.15388083232792,2.6
"Paulie_Ayala_vid01_clip08_2secs",0.0653288809083485,"Male",2.10324438172054,1.6
"Pedro_Duque_vid01_clip04_2secs",4.74586881562643e-10,"Male",2.40074807419525,3.6
"Penelope_Ann_Miller_vid03_clip02_2secs",1.45258419803668e-06,"Female",3.07208155026799,3
"Peri_Gilpin_vid05_clip01_2secs",0.940532241929383,"Female",1.00136647420633,1.5
"Pete_Carroll_vid06_clip06_2secs",0.978203162669485,"Male",3.12140661621871,4
"Pete_Parkkonen",0.99960379278759,"Male",2.29691332075006,2
"Peter_Maucher",1,"Male",2.32008292581741,3
"Philip_Zimbardo",0.9999999999993,"Male",4.08554473761751,5.2
"Pia_Miller",8.96553461685632e-07,"Female",1.43880552594094,1.6
"Picabo_Street_vid01_clip02_2secs",4.77432624204407e-06,"Female",2.74178876609839,1.6
"Pier_Ferdinando_Casini_vid01_clip01_2secs",0.999999996795685,"Male",1.99881041491809,4.8
"Pierre_Pettigrew_vid03_clip02_2secs",0.999999692227014,"Male",2.9714734845715,4.4
"Piers_Sellers_vid04_clip02_2secs",0.999240379926585,"Male",2.8431195385329,3.8
"Portia_Doubleday_vid01_clip09_2secs",4.05464776867305e-08,"Female",0.892962765938553,0.6
"Prince_Felipe_vid03_clip01_2secs",0.999999943943938,"Male",3.99597972138684,3.4
"Princess_Madeleine",0.000520796368644938,"Female",1.90020464804548,2.6
"Princess_Stephanie_vid01_clip06_2secs",5.11280697695863e-06,"Female",2.45563198481172,3
"Priscilla_Presley_vid06_clip15_2secs",0.000393578180839161,"Female",3.1667052038602,3
"Priyanka_Chopra_vid06_clip04_2secs",3.60359133312e-15,"Female",1.20965325600694,1.8
"Queen_Noor_vid01_clip06_2secs",0.00911100352599136,"Female",2.60117725456604,3.4
"Queen_Rania_vid02_clip01_2secs",5.51992836937118e-11,"Female",2.3655705093316,1.8
"Rachel_Griffiths_vid06_clip01_2secs",0.0854780634010581,"Female",1.49485296775691,3
"Rachel_House",3.94739840519655e-07,"Female",2.28329372130365,3
"Rachel_Hunter_vid06_clip02_2secs",0.977089250763368,"Female",2.07635941176177,2.4
"Rachel_Leigh_Cook_vid05_clip03_2secs",5.15561042194197e-10,"Female",1.09945406416885,0.8
"Rachel_Patten",1.43255029233839e-05,"Female",2.18917848124355,1.8
"Rachida_Brakni",7.48267190112873e-14,"Female",1.7203851457952,2.4
"Rafael_Bielsa_U114_vid06_clip02_2secs",0.999999999999994,"Male",2.69746073113351,2.8
"Rafael_Bielsa_U234_vid02_clip04_2secs",0.999682063662962,"Male",2.63812716059689,0.4
"Ralph_Friedgen_vid03_clip01_2secs",0.99999993096795,"Male",2.24969814077838,1
"Randy_Ferbey_U115_vid05_clip01_2secs",0.999997408251418,"Male",4.00803400952362,3.4
"Randy_Ferbey_U235_vid02_clip03_2secs",0.999999999918264,"Male",2.70865686985015,2.2
"Randy_Johnson_vid01_clip01_2secs",0.999999999980973,"Male",3.04933124812256,4.4
"Rappari_Rauhatati",0.995059785280775,"Female",2.73437047895448,2.2
"Raza_Rabbani_vid03_clip01_2secs",1.16709968086096e-05,"Female",1.67852484966071,0.6
"Rebecca_Budig_vid02_clip03_2secs",0.000386965680479032,"Female",2.42872578518186,2.2
"Rencontre_avec_Arthur",0.125039236105059,"Male",0.962828562121126,0.6
"Richard_Cohen_U116_vid03_clip01_2secs",3.56541830653138e-08,"Female",2.26096003993596,3.4
"Richie_McCaw",0.499466446303382,"Male",2.34165304348177,2
"Rick_Caruso_vid05_clip25_2secs",0.993360372045032,"Male",2.28835617010908,3.4
"Rifka_Lodeizen",0.000144888602746588,"Female",2.0108998157887,2.4
"Rika_Ponnet",0.999768730104124,"Male",3.64492037779436,3
"Riku_Suokas",0.99999999540995,"Male",3.66472984057967,2.8
"Robert_McKee_U117_vid03_clip02_2secs",0.999999999999994,"Male",3.50918482338139,3.8
"Robert_Nardelli_U237_vid06_clip03_2secs",0.999999821638026,"Male",2.35081264520884,1.5
"Robert_Schuller_U119_vid05_clip01_2secs",0.999774449513936,"Male",2.59725251774844,2.8
"Robert_Wagner_U238_vid03_clip05_2secs",1.60573983595629e-06,"Female",1.56324084356866,2
"Rob_Morrow_vid01_clip02_2secs",0.999999349495917,"Male",3.20049503888867,2
"Rocco_Buttiglione_U120_vid04_clip02_2secs",0.874753450589224,"Female",2.62218457726482,1.2
"Rocco_Buttiglione_U121_vid06_clip03_2secs",0.551475232549307,"Male",3.32966522242599,2.8
"Rocco_Buttiglione_U239_vid04_clip03_2secs",0.000478753089323217,"Female",1.71205922722409,0.6
"Rodrigo_Borja_U240_vid06_clip01_2secs",0.185886276886651,"Male",2.97553447580106,1.83333333333333
"Roger_Willemsen",0.999992276492028,"Male",3.05577846165288,3.66666666666667
"Roma_Downey_vid01_clip05_2secs",0.00363634153883329,"Female",2.68203954623395,3.2
"Romain_Duris_vid02_clip02_2secs",0.999992432911374,"Male",2.82714337828869,2.6
"Rove_McManus",0.816919293839631,"Male",2.55995736259661,2.8
"Runa_Sandvik",6.98016982579838e-07,"Female",2.4758206270465,1.16666666666667
"Sabrina_Sota",1.26066668914619e-06,"Female",2.15400599791224,1.8
"Sadie_Frost_vid03_clip01_2secs",1.80750424239084e-10,"Female",1.3691569776634,3.4
"Sahra_Wagenknecht",1.83191874582639e-05,"Female",2.65184333875285,2
"Salkkareiden_Gunnar",0.000122727962792543,"Male",3.32520769102271,4
"Sami_Hintsanen",0.992045730985209,"Male",2.276476412759,2.6
"Sanna_Kallur",2.43959810204403e-06,"Female",2.0407218386739,2.6
"Sanna_Nielsen",7.74299420304098e-05,"Female",1.82662103626138,2
"Saphira_Howell",7.96588832047776e-06,"Female",1.75353761195132,0.333333333333333
"Sara_Chafak",2.62485062862824e-07,"Female",2.10352537500846,1.2
"Sara_Giraudeau",0.000473391708843469,"Female",2.23985591289256,1.6
"Sarah_Connor",0.000161813704339219,"Female",2.26295871621621,2.2
"Sarah_Harris",0.999938456776872,"Female",0.376077608287003,1.8
"Selma_Vilhunen",0.999999999972092,"Female",3.60454815178844,3
"Silje_Norendal",3.0420840755019e-06,"Female",1.83311765664175,1.2
"Siri_Hustvedt",0.0600032066154627,"Female",2.19420183005271,3.4
"Sofia_Helin",2.15350820709146e-08,"Female",1.54131352296331,2
"Stan_Wawrinka",0.993678296480883,"Male",2.56036083867915,0.666666666666667
"Steevy_Boulay",0.999999388754556,"Male",1.98988552524151,2
"Stefanie_Burger",0.969190990207399,"Female",3.54026180615381,2.22222222222222
"Stephanie_Pareja",1.18592613697017e-10,"Female",2.59872779562952,2.8
"Sylvia_Jeffreys",1.12250063408668e-10,"Female",1.95383243532579,2.58333333333333
"Tai_Hara",0.999999999999454,"Male",2.7161186459535,1.2
"Tarcisio_Meira",0.999999999284268,"Male",3.00788648088996,5.4
"Tatiana_de_Rosnay",0.0321837050051441,"Female",3.18444347083713,3.88888888888889
"Thibaud_Vaneck",0.000207605058781733,"Male",2.44912864082946,0.8
"Thomas_Bischoff",0.999842371865487,"Male",2.77412613061872,2.22222222222222
"Thomas_Dutronc",0.999983577082555,"Male",2.29007313028605,2.6
"Thomas_Wiesel",0.999967860017948,"Male",2.93544636252217,2.11111111111111
"Ticiane_Pinheiro",5.38797086301318e-07,"Female",2.29973943310828,2.11111111111111
"Timea_Bacsinszky",0.00419455030877352,"Female",2.80805310826443,1.8
"Tomi_Bjorck",0.999999999999636,"Male",3.36981692936022,0.8
"Tom_Williams",0.99998253438384,"Male",2.31634850028963,2.77777777777778
"Tove_Lo",0.149931339011793,"Female",2.27481519312955,2
"Uniklubi",0.999998860494161,"Male",2.81054810921541,2
"Unknown_01",0.999949721337755,"Female",2.48289352975979,1.6
"Unknown_02",1.55226102279702e-12,"Female",2.53877721466513,2.11111111111111
"Unknown_03",0.0139855127013007,"Female",2.53368755717635,2.2
"Unknown_04",0.00159047132799969,"Female",1.83332829128817,2.8
"Unknown_05",2.09435660454921e-13,"Female",2.34934068506872,1.4
"Unknown_06",0.999999996780952,"Male",1.73260140509291,2.6
"Unknown_07",0.994502020971994,"Male",2.56992162914345,3
"Unknown_08",0.612584857178437,"Female",3.22179779581569,1.8
"Unknown_09",0.0161076270975001,"Female",1.70927141283666,0.888888888888889
"Unknown_10",1.92681847266327e-05,"Female",2.29046622065884,0.2
"Unknown_11",5.75719786029412e-05,"Female",2.21557244452642,2.66666666666667
"Unknown_12",0.00554864822343697,"Female",2.92545178612979,3.4
"Unknown_13",1.27147300850981e-07,"Female",2.6197499528614,2.6
"Unknown_14",2.17258491564873e-08,"Female",2.13619410437612,1.6
"Unknown_15",0.999999999928419,"Male",2.96735888249346,3.2
"Unknown_16",1.4750415245023e-05,"Female",1.97170679055072,1.88888888888889
"Unknown_17",0.999999999991011,"Male",2.7747535656283,3.6
"Unknown_18",0.999728998057313,"Female",3.74620666636662,4.8
"Unknown_19",0.880672759874517,"Male",1.19255664189968,0.2
"Unknown_20",0.616278939213538,"Male",2.59634131397222,3.6
"Unknown_21",9.29650369034116e-11,"Female",1.08482640762598,1
"Unknown_22",0.999996429303573,"Male",2.43740318769003,2.4
"Unknown_23",0.99801659740937,"Male",2.01471051912405,2.8
"Unknown_26",0.998445084962346,"Female",2.14736079944899,2.6
"Unknown_29",1.05001482469956e-10,"Female",1.22785853851312,1
"Vappu_Pimia",0.999999865628554,"Female",2.73324676779993,1.55555555555556
"Victoria_Silvstedt",1.60114302384988e-08,"Female",0.87576636841841,2
"vid01_face01_2s",0.999999999957124,"Male",3.44436605688614,3
"vid02_face01_2s",3.85986528741385e-09,"Female",1.56100085525887,1.4
"vid03_face01_2s",0.999580072229261,"Male",2.64523486797905,3.4
"vid04_face01_2s",1.9896518705178e-05,"Female",2.65040024920253,2.4
"vid05_face01_2s",2.34439586216283e-09,"Female",2.21634664295025,4.2
"vid06_face01_2s",0.00150844044210522,"Male",3.88013632399806,2.11111111111111
"vid07_face01_2s",0.999969121173361,"Male",4.27864343723437,4.8
"vid09_face01_2s",0.999994574070172,"Male",2.45790045321352,3.6
"vid10_face01_2s",0.995972937312497,"Female",2.22338642535205,2.2
"vid10_face02_2s",0.926223728910971,"Male",1.9295750204431,1.55555555555556
"vid10_face03_2s",0.11200136663998,"Male",2.96670665834765,2.8
"vid10_face04_2s",6.23228955528042e-05,"Female",2.90730287389456,2
"vid10_face05_2s",0.999999999637818,"Male",1.96844180453049,1.2
"vid11_face01_2s",0.111827125698266,"Female",1.55223560877824,1.6
"vid12_face01_2s",0.999465148532494,"Male",2.07550013231385,2.2
"vid13_face01_2s",0.97665971670951,"Male",2.53799172315489,1.8
"vid15_face01_2s",1.01421451685483e-08,"Female",1.98663721501827,1.4
"vid16_face01_2s",0.99702725215461,"Male",3.59874650418969,2.8
"vid17_face01_2s",0.999988389019782,"Male",3.76860639721342,5.2
"vid18_face01_2s",0.999999396897847,"Male",2.96730228016215,2.4
"vid18_face02_2s",0.00106899198187038,"Male",3.30320807723168,4
"vid18_face03_2s",0.996702034093525,"Male",2.27714553265412,2.2
"vid18_face04_2s",0.999999964852879,"Male",2.79072491732843,2.2
"vid19_face01_2s",1.14278351192864e-05,"Female",4.0950680602388,1.8
"vid20_face01_2s",0.999999989367873,"Male",3.1598757805172,3.2
"vid21_face01_2s",0.999881163323127,"Male",2.49978510807715,2.6
"vid23_face01_2s",1.09358635254047e-06,"Female",1.24963847811894,1.44444444444444
"vid23_face02_2s",7.54087547082186e-06,"Female",3.00344672555944,2.8
"vid23_face03_2s",1.32522737805494e-08,"Female",2.84735047925155,2
"vid23_face04_2s",0.999979966937909,"Male",2.49877832663048,2
"vid23_face05_2s",0.986671435810593,"Female",2.41117436052946,3.8
"vid24_face01_2s",2.00116320632679e-07,"Female",2.1090641164131,2
"vid25_face01_2s",5.94494261433815e-05,"Female",2.4869639393406,3
"vid26_face01_2s",0.988472908838066,"Male",4.07660790223832,2
"vid27_face01_2s",0.999999690687844,"Male",3.63042112573732,4.8
"vid28_face01_2s",0.458724877220876,"Male",3.53405656413623,3.6
"vid29_face01_2s",2.42964596003472e-16,"Female",2.261458767188,2.4
"vid30_face01_2s",0.00134101615499812,"Female",1.93537234858684,1.8
"vid30_face02_2s",0.118391295136739,"Female",2.15362420427475,2.4
"vid30_face03_2s",6.79946190434468e-11,"Female",2.27719412189283,0.6
"vid30_face04_2s",1.82243827764999e-09,"Female",1.84518081226651,1.11111111111111
"vid30_face05_2s",0.000274936632331106,"Female",1.90641967115724,1.8
"vid30_face06_2s",0.000107304237370581,"Female",1.36487099637163,1.6
"vid30_face07_2s",0.470305766948021,"Female",2.41061212292166,2.2
"vid30_face08_2s",0.000296291948980196,"Female",2.35043436351715,2
"vid31_face01_2s",0.99999999996913,"Male",3.1518447647494,1.8
"vid31_face02_2s",0.999999999995636,"Male",4.14921523513699,4
"vid31_face03_2s",0.737010130531013,"Female",3.1101098012601,3
"vid32_face01_2s",0.00163905885548601,"Male",0.968515117354981,2
"vid32_face02_2s",0.999999056729421,"Male",1.79865317687568,2
"vid32_face03_2s",1.61545940279539e-08,"Female",1.69467943431609,1.8
"vid32_face04_2s",0.0444557303640736,"Female",1.22038416854008,1
"vid32_face05_2s",0.999999974146397,"Male",1.98496787169395,3.2
"vid32_face06_2s",3.00953974194878e-08,"Female",1.76431963741778,2.6
"vid32_face07_2s",0.996211165173046,"Male",2.1683517553794,1.4
"vid32_face08_2s",0.0805220763546019,"Female",2.81837905915503,2.8
"Vinz",0.999999992390063,"Male",3.54425585140312,1.8
"wall_of_faces_vid01",0.999991552142438,"Male",2.15863188531376,1.6
"wall_of_faces_vid03",0.738597998062196,"Male",2.35173814666477,2.4
"wall_of_faces_vid06",0.927074247717627,"Female",1.57369152290761,1.6
"wall_of_faces_vid08",7.05963136444234e-08,"Female",1.56111854597615,2.2
"wall_of_faces_vid09",0.0173481550137334,"Male",1.78474609085062,1.8
"wall_of_faces_vid100",0.999999932824469,"Male",2.0970775992948,2
"wall_of_faces_vid101",0.0113206231327166,"Female",1.84839064930531,0.8
"wall_of_faces_vid102",4.25888093584504e-11,"Female",1.66287225487092,1.4
"wall_of_faces_vid104",0.395044771426326,"Female",1.79981243097876,2.2
"wall_of_faces_vid106",9.98112663269321e-06,"Female",1.76937622889636,2
"wall_of_faces_vid107",0.00208546405636494,"Female",0.908218537326162,1.41666666666667
"wall_of_faces_vid109",1.50065051500033e-08,"Female",1.56435576646109,2
"wall_of_faces_vid110",2.09937086780379e-06,"Female",2.18803405508226,1
"wall_of_faces_vid111",0.546185225346341,"Male",1.90859286943305,0.8
"wall_of_faces_vid112",0.934047205289477,"Male",2.69805516927337,1.8
"wall_of_faces_vid113",6.99082700153711e-09,"Male",1.2576448643613,1.6
"wall_of_faces_vid114",0.999999909958637,"Male",2.32017267196384,1.8
"wall_of_faces_vid115",0.999944426699359,"Male",2.67883508709237,1.4
"wall_of_faces_vid116",0.97632335350691,"Male",1.31707979798474,1.4
"wall_of_faces_vid117",0.0208730347986699,"Female",2.28261637832912,1.11111111111111
"wall_of_faces_vid118",0.985984076897706,"Male",1.54630119618848,1.6
"wall_of_faces_vid119",3.39076508125131e-05,"Female",1.85999278867359,1.8
"wall_of_faces_vid12",1.24177056327609e-05,"Female",1.75118340692836,1.2
"wall_of_faces_vid120",0.993814105492267,"Female",2.31353002196841,0.8
"wall_of_faces_vid121",0.999999999875924,"Male",2.46686282850341,2.91666666666667
"wall_of_faces_vid122",0.999992215078946,"Male",2.34140275191441,0.8
"wall_of_faces_vid123",0.999999999925602,"Male",2.88713965211615,1.8
"wall_of_faces_vid124",0.00774121104918267,"Female",2.40863244462452,2
"wall_of_faces_vid125",0.000212692253812214,"Female",1.55852037364198,1.2
"wall_of_faces_vid126",0.995063149328335,"Male",2.35336872115146,1
"wall_of_faces_vid13",0.451766611442605,"Female",1.42536273746761,1
"wall_of_faces_vid130",4.2204530713544e-07,"Female",2.32706372272976,1.22222222222222
"wall_of_faces_vid132",0.99308399288745,"Female",1.69394174203281,1
"wall_of_faces_vid134",0.999998814352069,"Male",3.65564313677342,4.8
"wall_of_faces_vid135",0.0142935819851986,"Female",1.40368622070527,1.4
"wall_of_faces_vid136",0.998117597701985,"Male",2.38636152962016,1
"wall_of_faces_vid137",0.614409647890316,"Female",1.77862912147726,1.33333333333333
"wall_of_faces_vid14",0.000524140839741463,"Female",1.76042013192809,1
"wall_of_faces_vid15",0.999744838749261,"Male",3.01813878268526,2
"wall_of_faces_vid16",4.68494183353936e-13,"Female",1.39491119068806,1.8
"wall_of_faces_vid17",0.993908867671627,"Female",1.22710010305411,2.2
"wall_of_faces_vid18",0.51647393536826,"Male",2.40750804605885,2.2
"wall_of_faces_vid19",0.831740428367179,"Female",2.01656274011102,1.66666666666667
"wall_of_faces_vid21",0.000498278620801058,"Male",2.42887659126224,2
"wall_of_faces_vid22",0.999951349891516,"Female",2.28612758608401,1.6
"wall_of_faces_vid23",5.64414687476635e-05,"Female",0.909515775510527,1.8
"wall_of_faces_vid24",0.999983634555028,"Male",2.24029997888932,1
"wall_of_faces_vid25",0.00228603531159812,"Male",1.91855359162144,1.4
"wall_of_faces_vid26",0.157468501092716,"Female",1.62747139167237,1.6
"wall_of_faces_vid27",0.932961755985244,"Female",1.52320876866887,1.8
"wall_of_faces_vid28",0.999980673890997,"Female",2.60449438668076,1.8
"wall_of_faces_vid29",0.00105819714268748,"Female",2.24247917072761,1.11111111111111
"wall_of_faces_vid30",0.000268896358234542,"Female",2.046571925035,2
"wall_of_faces_vid31",0.999999999985173,"Male",3.17646888008682,3
"wall_of_faces_vid32",2.56670933231244e-06,"Male",1.40121270769714,1
"wall_of_faces_vid33",0.970604236890336,"Male",2.2269539085803,1.4
"wall_of_faces_vid34",0.438082848984578,"Female",1.86645037548845,1.4
"wall_of_faces_vid35",0.999999738863584,"Male",2.44239348386765,1.33333333333333
"wall_of_faces_vid39",0.183173102994453,"Female",0.927098886418748,0.6
"wall_of_faces_vid40",0.0464668174941598,"Male",1.35968869556098,0.777777777777778
"wall_of_faces_vid41",1.41612850255153e-06,"Female",1.09249453070616,1.6
"wall_of_faces_vid42",0.991933630590048,"Male",0.949054016250181,1
"wall_of_faces_vid43",0.00677682955895376,"Male",1.77672774882693,1
"wall_of_faces_vid44",0.999999790435694,"Male",1.74384279111423,1.2
"wall_of_faces_vid45",3.25655219774315e-05,"Male",2.10129625534688,1
"wall_of_faces_vid47",0.999999994367309,"Male",1.68018730142297,2.4
"wall_of_faces_vid48",0.999597619097515,"Male",1.79799946632079,1.2
"wall_of_faces_vid49",0.0049473442410673,"Male",1.28541213739365,0.6
"wall_of_faces_vid50",1.33894003755463e-08,"Female",0.77358369806109,0.2
"wall_of_faces_vid51",0.998949565284891,"Male",1.32557970374198,0.6
"wall_of_faces_vid52",0.104552138983404,"Female",1.83775865337945,2.2
"wall_of_faces_vid54",0.00809514166409732,"Male",1.77892335639525,0.8
"wall_of_faces_vid55",0.999999998289507,"Male",2.6135887003561,3.2
"wall_of_faces_vid56",0.97560658623283,"Female",2.37763523192639,1.6
"wall_of_faces_vid57",0.992795430006746,"Male",1.47246542529125,2
"wall_of_faces_vid58",0.000856111409059193,"Male",1.39708160933826,1.2
"wall_of_faces_vid59",8.88509553064611e-08,"Female",1.22621123557744,1.4
"wall_of_faces_vid60",0.00692471608828264,"Male",2.28523660031474,1.2
"wall_of_faces_vid61",0.999999871133708,"Male",2.6005969254745,1.2
"wall_of_faces_vid63",0.90620592892449,"Male",0.68196123521594,0.111111111111111
"wall_of_faces_vid65",0.00124178482383662,"Female",1.70190183987671,1
"wall_of_faces_vid66",0.999999972739083,"Male",1.01204028147954,1
"wall_of_faces_vid67",0.0616829952504034,"Female",2.47797792188518,1.2
"wall_of_faces_vid68",0.000103879194628091,"Female",2.02396144295002,1.4
"wall_of_faces_vid69",1.87140395441923e-06,"Female",2.23707278824929,1.4
"wall_of_faces_vid70",0.0566391518510369,"Female",1.62195764825643,1.2
"wall_of_faces_vid71",2.29106068265062e-05,"Male",1.88354634398262,0.444444444444444
"wall_of_faces_vid72",0.999999999999996,"Male",3.59141510018402,2.4
"wall_of_faces_vid73",1.00695790499362e-08,"Female",1.71652272949821,1.2
"wall_of_faces_vid75",0.977308637830861,"Male",1.82952255552934,0.8
"wall_of_faces_vid77",0.000923784173962999,"Male",1.59392694350974,1.2
"wall_of_faces_vid78",1.6298567589907e-06,"Male",1.98273889448098,0.8
"wall_of_faces_vid79",0.999999856972259,"Male",2.30096089815607,0.666666666666667
"wall_of_faces_vid80",0.564835822620892,"Female",2.90057643171256,1.8
"wall_of_faces_vid82",7.10770654743169e-06,"Female",1.83642149645491,1.2
"wall_of_faces_vid83",0.999999748628694,"Male",3.12279570053152,0.111111111111111
"wall_of_faces_vid85",0.523371373156934,"Male",2.32172518156349,1.4
"wall_of_faces_vid86",0.000144978143580595,"Female",1.97873998209999,0.666666666666667
"wall_of_faces_vid88",0.0858884529078816,"Female",2.31654811866842,1.6
"wall_of_faces_vid89",0.999999999946455,"Male",2.09996076928344,1.6
"wall_of_faces_vid90",2.00047484865775e-15,"Female",3.45601443244174,1
"wall_of_faces_vid92",0.999999526159538,"Female",3.09029657087836,2
"wall_of_faces_vid93",0.000275145199653001,"Male",2.42427594782725,1.75
"wall_of_faces_vid94",0.00011747265026434,"Female",1.46665014605174,1.6
"wall_of_faces_vid95",0.999837292487106,"Male",2.41417111884265,1.2
"wall_of_faces_vid96",0.00791397777306571,"Male",1.80519848666779,1.4
"wall_of_faces_vid97",0.00709877092431652,"Male",2.35344021440782,0.555555555555556
"wall_of_faces_vid98",0.000331128786562896,"Male",0.876099281328564,1
